{
  "total_params": 460113984,
  "trainable_params": 460113984,
  "vit_manual_tflops": 2.565706088448,
  "vit_manual_gflops": 2565.706088448,
  "vit_auto_tflops": 2.27700375552,
  "vit_auto_gflops": 2277.00375552,
  "generation_tflops": 2.9345289984,
  "generation_gflops": 2934.5289984,
  "generation_flops_per_token": 978176332800.0,
  "prefill_tokens": 864,
  "estimated_tflops_per_forward": 5.500235086848,
  "vision_tflops": 2.565706088448,
  "language_tflops": 2.9345289984,
  "visual_tokens": 64,
  "mcq_accuracy": 0.7388646288209607,
  "mcq_correct": 846,
  "mcq_total": 1145,
  "mcq_avg_latency": 0.9766082984391258,
  "model_path": "./checkpoints/aokvqa_finetuned_vit_frozen",
  "split": "validation",
  "mode": "mcq",
  "resolution": 512
}